{
  "project_info": {
    "project_number": "801455770189",
    "firebase_url": "https://fire-5ee11.firebaseio.com",
    "project_id": "fire-5ee11",
    "storage_bucket": "fire-5ee11.appspot.com"
  },
  "client": [
    {
      "client_info": {
        "mobilesdk_app_id": "1:801455770189:android:ad37f608e7605f2eaa2a04",
        "android_client_info": {
          "package_name": "com.college.collegeconnect"
        }
      },
      "oauth_client": [
        {
          "client_id": "801455770189-gv2k26cv09bcupkhe0goh0fo78tq5jmn.apps.googleusercontent.com",
          "client_type": 3
        }
      ],
      "api_key": [
        {
          "current_key": "AIzaSyDAqO3f-Mw5xIrX1D4HvkuHpbTnxiRD3t4"
        }
      ],
      "services": {
        "appinvite_service": {
          "other_platform_oauth_client": [
            {
              "client_id": "801455770189-gv2k26cv09bcupkhe0goh0fo78tq5jmn.apps.googleusercontent.com",
              "client_type": 3
            }
          ]
        }
      }
    },
    {
      "client_info": {
        "mobilesdk_app_id": "1:801455770189:android:7b42da6e5da05148aa2a04",
        "android_client_info": {
          "package_name": "com.example.emailpasswordresetauthentication"
        }
      },
      "oauth_client": [
        {
          "client_id": "801455770189-gv2k26cv09bcupkhe0goh0fo78tq5jmn.apps.googleusercontent.com",
          "client_type": 3
        }
      ],
      "api_key": [
        {
          "current_key": "AIzaSyDAqO3f-Mw5xIrX1D4HvkuHpbTnxiRD3t4"
        }
      ],
      "services": {
        "appinvite_service": {
          "other_platform_oauth_client": [
            {
              "client_id": "801455770189-gv2k26cv09bcupkhe0goh0fo78tq5jmn.apps.googleusercontent.com",
              "client_type": 3
            }
          ]
        }
      }
    },
    {
      "client_info": {
        "mobilesdk_app_id": "1:801455770189:android:bd56bb2428684e70aa2a04",
        "android_client_info": {
          "package_name": "com.example.firebasecurd"
        }
      },
      "oauth_client": [
        {
          "client_id": "801455770189-gv2k26cv09bcupkhe0goh0fo78tq5jmn.apps.googleusercontent.com",
          "client_type": 3
        }
      ],
      "api_key": [
        {
          "current_key": "AIzaSyDAqO3f-Mw5xIrX1D4HvkuHpbTnxiRD3t4"
        }
      ],
      "services": {
        "appinvite_service": {
          "other_platform_oauth_client": [
            {
              "client_id": "801455770189-gv2k26cv09bcupkhe0goh0fo78tq5jmn.apps.googleusercontent.com",
              "client_type": 3
            }
          ]
        }
      }
    },
    {
      "client_info": {
        "mobilesdk_app_id": "1:801455770189:android:253856e5a0d13524aa2a04",
        "android_client_info": {
          "package_name": "com.example.firebasedatabaseexample"
        }
      },
      "oauth_client": [
        {
          "client_id": "801455770189-gv2k26cv09bcupkhe0goh0fo78tq5jmn.apps.googleusercontent.com",
          "client_type": 3
        }
      ],
      "api_key": [
        {
          "current_key": "AIzaSyDAqO3f-Mw5xIrX1D4HvkuHpbTnxiRD3t4"
        }
      ],
      "services": {
        "appinvite_service": {
          "other_platform_oauth_client": [
            {
              "client_id": "801455770189-gv2k26cv09bcupkhe0goh0fo78tq5jmn.apps.googleusercontent.com",
              "client_type": 3
            }
          ]
        }
      }
    },
    {
      "client_info": {
        "mobilesdk_app_id": "1:801455770189:android:04a802a78cffe71faa2a04",
        "android_client_info": {
          "package_name": "com.example.fresherszone"
        }
      },
      "oauth_client": [
        {
          "client_id": "801455770189-gv2k26cv09bcupkhe0goh0fo78tq5jmn.apps.googleusercontent.com",
          "client_type": 3
        }
      ],
      "api_key": [
        {
          "current_key": "AIzaSyDAqO3f-Mw5xIrX1D4HvkuHpbTnxiRD3t4"
        }
      ],
      "services": {
        "appinvite_service": {
          "other_platform_oauth_client": [
            {
              "client_id": "801455770189-gv2k26cv09bcupkhe0goh0fo78tq5jmn.apps.googleusercontent.com",
              "client_type": 3
            }
          ]
        }
      }
    },
    {
      "client_info": {
        "mobilesdk_app_id": "1:801455770189:android:f696752bc4062fceaa2a04",
        "android_client_info": {
          "package_name": "com.example.googlesigninauth"
        }
      },
      "oauth_client": [
        {
          "client_id": "801455770189-ldnr6imjpqo0qc7td5refp76q98sl0lp.apps.googleusercontent.com",
          "client_type": 1,
          "android_info": {
            "package_name": "com.example.googlesigninauth",
            "certificate_hash": "3b5b9ef2fcb4e108c77e963101ff8e0555380b54"
          }
        },
        {
          "client_id": "801455770189-gv2k26cv09bcupkhe0goh0fo78tq5jmn.apps.googleusercontent.com",
          "client_type": 3
        }
      ],
      "api_key": [
        {
          "current_key": "AIzaSyDAqO3f-Mw5xIrX1D4HvkuHpbTnxiRD3t4"
        }
      ],
      "services": {
        "appinvite_service": {
          "other_platform_oauth_client": [
            {
              "client_id": "801455770189-gv2k26cv09bcupkhe0goh0fo78tq5jmn.apps.googleusercontent.com",
              "client_type": 3
            }
          ]
        }
      }
    },
    {
      "client_info": {
        "mobilesdk_app_id": "1:801455770189:android:6c36054d5392c28f",
        "android_client_info": {
          "package_name": "com.example.munis.demoofme"
        }
      },
      "oauth_client": [
        {
          "client_id": "801455770189-muv9cprj2im2b9rk6ucqenadklgh102o.apps.googleusercontent.com",
          "client_type": 1,
          "android_info": {
            "package_name": "com.example.munis.demoofme",
            "certificate_hash": "8b59ddfad9dfd8967c91a046ab8ca7d6f8427b21"
          }
        },
        {
          "client_id": "801455770189-gv2k26cv09bcupkhe0goh0fo78tq5jmn.apps.googleusercontent.com",
          "client_type": 3
        }
      ],
      "api_key": [
        {
          "current_key": "AIzaSyDAqO3f-Mw5xIrX1D4HvkuHpbTnxiRD3t4"
        }
      ],
      "services": {
        "appinvite_service": {
          "other_platform_oauth_client": [
            {
              "client_id": "801455770189-gv2k26cv09bcupkhe0goh0fo78tq5jmn.apps.googleusercontent.com",
              "client_type": 3
            }
          ]
        }
      }
    },
    {
      "client_info": {
        "mobilesdk_app_id": "1:801455770189:android:a8cca7fbd0dd8026",
        "android_client_info": {
          "package_name": "com.example.munis.fire"
        }
      },
      "oauth_client": [
        {
          "client_id": "801455770189-88hrjkm4urr68515ckjr9le67a7u6lkm.apps.googleusercontent.com",
          "client_type": 1,
          "android_info": {
            "package_name": "com.example.munis.fire",
            "certificate_hash": "810c47f8c87bef09c71516ee83f9f0360106ccc3"
          }
        },
        {
          "client_id": "801455770189-gv2k26cv09bcupkhe0goh0fo78tq5jmn.apps.googleusercontent.com",
          "client_type": 3
        }
      ],
      "api_key": [
        {
          "current_key": "AIzaSyDAqO3f-Mw5xIrX1D4HvkuHpbTnxiRD3t4"
        }
      ],
      "services": {
        "appinvite_service": {
          "other_platform_oauth_client": [
            {
              "client_id": "801455770189-gv2k26cv09bcupkhe0goh0fo78tq5jmn.apps.googleusercontent.com",
              "client_type": 3
            }
          ]
        }
      }
    },
    {
      "client_info": {
        "mobilesdk_app_id": "1:801455770189:android:d589f8f689e4e602",
        "android_client_info": {
          "package_name": "com.example.munis.firedemo"
        }
      },
      "oauth_client": [
        {
          "client_id": "801455770189-p83frc78muen2hbnnrb5nniqp5vg8s6k.apps.googleusercontent.com",
          "client_type": 1,
          "android_info": {
            "package_name": "com.example.munis.firedemo",
            "certificate_hash": "810c47f8c87bef09c71516ee83f9f0360106ccc3"
          }
        },
        {
          "client_id": "801455770189-gv2k26cv09bcupkhe0goh0fo78tq5jmn.apps.googleusercontent.com",
          "client_type": 3
        }
      ],
      "api_key": [
        {
          "current_key": "AIzaSyDAqO3f-Mw5xIrX1D4HvkuHpbTnxiRD3t4"
        }
      ],
      "services": {
        "appinvite_service": {
          "other_platform_oauth_client": [
            {
              "client_id": "801455770189-gv2k26cv09bcupkhe0goh0fo78tq5jmn.apps.googleusercontent.com",
              "client_type": 3
            }
          ]
        }
      }
    },
    {
      "client_info": {
        "mobilesdk_app_id": "1:801455770189:android:8c17c5aac5e4073aaa2a04",
        "android_client_info": {
          "package_name": "com.example.myorganization"
        }
      },
      "oauth_client": [
        {
          "client_id": "801455770189-gv2k26cv09bcupkhe0goh0fo78tq5jmn.apps.googleusercontent.com",
          "client_type": 3
        }
      ],
      "api_key": [
        {
          "current_key": "AIzaSyDAqO3f-Mw5xIrX1D4HvkuHpbTnxiRD3t4"
        }
      ],
      "services": {
        "appinvite_service": {
          "other_platform_oauth_client": [
            {
              "client_id": "801455770189-gv2k26cv09bcupkhe0goh0fo78tq5jmn.apps.googleusercontent.com",
              "client_type": 3
            }
          ]
        }
      }
    },
    {
      "client_info": {
        "mobilesdk_app_id": "1:801455770189:android:56bfbd48504b0cd4aa2a04",
        "android_client_info": {
          "package_name": "com.example.prohelpr"
        }
      },
      "oauth_client": [
        {
          "client_id": "801455770189-gv2k26cv09bcupkhe0goh0fo78tq5jmn.apps.googleusercontent.com",
          "client_type": 3
        }
      ],
      "api_key": [
        {
          "current_key": "AIzaSyDAqO3f-Mw5xIrX1D4HvkuHpbTnxiRD3t4"
        }
      ],
      "services": {
        "appinvite_service": {
          "other_platform_oauth_client": [
            {
              "client_id": "801455770189-gv2k26cv09bcupkhe0goh0fo78tq5jmn.apps.googleusercontent.com",
              "client_type": 3
            }
          ]
        }
      }
    },
    {
      "client_info": {
        "mobilesdk_app_id": "1:801455770189:android:c1a23581bbc81c46aa2a04",
        "android_client_info": {
          "package_name": "com.example.stenattadanceregister2020"
        }
      },
      "oauth_client": [
        {
          "client_id": "801455770189-gv2k26cv09bcupkhe0goh0fo78tq5jmn.apps.googleusercontent.com",
          "client_type": 3
        }
      ],
      "api_key": [
        {
          "current_key": "AIzaSyDAqO3f-Mw5xIrX1D4HvkuHpbTnxiRD3t4"
        }
      ],
      "services": {
        "appinvite_service": {
          "other_platform_oauth_client": [
            {
              "client_id": "801455770189-gv2k26cv09bcupkhe0goh0fo78tq5jmn.apps.googleusercontent.com",
              "client_type": 3
            }
          ]
        }
      }
    },
    {
      "client_info": {
        "mobilesdk_app_id": "1:801455770189:android:e97e621409db8f5eaa2a04",
        "android_client_info": {
          "package_name": "com.example.studentams"
        }
      },
      "oauth_client": [
        {
          "client_id": "801455770189-gv2k26cv09bcupkhe0goh0fo78tq5jmn.apps.googleusercontent.com",
          "client_type": 3
        }
      ],
      "api_key": [
        {
          "current_key": "AIzaSyDAqO3f-Mw5xIrX1D4HvkuHpbTnxiRD3t4"
        }
      ],
      "services": {
        "appinvite_service": {
          "other_platform_oauth_client": [
            {
              "client_id": "801455770189-gv2k26cv09bcupkhe0goh0fo78tq5jmn.apps.googleusercontent.com",
              "client_type": 3
            }
          ]
        }
      }
    },
    {
      "client_info": {
        "mobilesdk_app_id": "1:801455770189:android:a4c5ff5d2d535b1caa2a04",
        "android_client_info": {
          "package_name": "com.kvsn.builds.cap1"
        }
      },
      "oauth_client": [
        {
          "client_id": "801455770189-gv2k26cv09bcupkhe0goh0fo78tq5jmn.apps.googleusercontent.com",
          "client_type": 3
        }
      ],
      "api_key": [
        {
          "current_key": "AIzaSyDAqO3f-Mw5xIrX1D4HvkuHpbTnxiRD3t4"
        }
      ],
      "services": {
        "appinvite_service": {
          "other_platform_oauth_client": [
            {
              "client_id": "801455770189-gv2k26cv09bcupkhe0goh0fo78tq5jmn.apps.googleusercontent.com",
              "client_type": 3
            }
          ]
        }
      }
    },
    {
      "client_info": {
        "mobilesdk_app_id": "1:801455770189:android:586e3bad35a23bbbaa2a04",
        "android_client_info": {
          "package_name": "com.willteksoftwares.dailyspendtracker"
        }
      },
      "oauth_client": [
        {
          "client_id": "801455770189-gv2k26cv09bcupkhe0goh0fo78tq5jmn.apps.googleusercontent.com",
          "client_type": 3
        }
      ],
      "api_key": [
        {
          "current_key": "AIzaSyDAqO3f-Mw5xIrX1D4HvkuHpbTnxiRD3t4"
        }
      ],
      "services": {
        "appinvite_service": {
          "other_platform_oauth_client": [
            {
              "client_id": "801455770189-gv2k26cv09bcupkhe0goh0fo78tq5jmn.apps.googleusercontent.com",
              "client_type": 3
            }
          ]
        }
      }
    },
    {
      "client_info": {
        "mobilesdk_app_id": "1:801455770189:android:468065cec118f875aa2a04",
        "android_client_info": {
          "package_name": "me.obydul.firebasephoneverification"
        }
      },
      "oauth_client": [
        {
          "client_id": "801455770189-gv2k26cv09bcupkhe0goh0fo78tq5jmn.apps.googleusercontent.com",
          "client_type": 3
        }
      ],
      "api_key": [
        {
          "current_key": "AIzaSyDAqO3f-Mw5xIrX1D4HvkuHpbTnxiRD3t4"
        }
      ],
      "services": {
        "appinvite_service": {
          "other_platform_oauth_client": [
            {
              "client_id": "801455770189-gv2k26cv09bcupkhe0goh0fo78tq5jmn.apps.googleusercontent.com",
              "client_type": 3
            }
          ]
        }
      }
    },
    {
      "client_info": {
        "mobilesdk_app_id": "1:801455770189:android:2a838547dc38618faa2a04",
        "android_client_info": {
          "package_name": "pasukisanbazar.in.PaSUkisanbaZAr"
        }
      },
      "oauth_client": [
        {
          "client_id": "801455770189-gv2k26cv09bcupkhe0goh0fo78tq5jmn.apps.googleusercontent.com",
          "client_type": 3
        }
      ],
      "api_key": [
        {
          "current_key": "AIzaSyDAqO3f-Mw5xIrX1D4HvkuHpbTnxiRD3t4"
        }
      ],
      "services": {
        "appinvite_service": {
          "other_platform_oauth_client": [
            {
              "client_id": "801455770189-gv2k26cv09bcupkhe0goh0fo78tq5jmn.apps.googleusercontent.com",
              "client_type": 3
            }
          ]
        }
      }
    }
  ],
  "configuration_version": "1"
}